,JNAME,RA,DEC
0,J032909.2-284825.4,52.28812,-28.80706
1,J032917.4-281538.9,52.32237,-28.26082
2,J033125.9-271327.2,52.85808,-27.22422
3,J033127.0-281811.1,52.8625,-28.30308
4,J033201.8-281302.7,53.00754,-28.21741
5,J033206.5-283729.2,53.02708,-28.62479
6,J033227.4-275520.4,53.11433,-27.92234
7,J033238.2-275653.2,53.15921,-27.94811
8,J033245.2-274940.5,53.18821,-27.82791
9,J033410.7-281210.2,53.54454,-28.20284
10,J033502.0-270652.1,53.75817,-27.11448
